KEYWORD,URL
tva travaux 5 5,-
tva sur vente immobilière de plus de 5 ans,-
tva réduite pour travaux,-
tva aubervilliers,-
tva 5.5 immobilier,-
tva 5.5 fenetre,-
tva 5.5,-
tva 5 5 conditions revente,-
quand appliquer la tva à 5 5,-
plafond tva réduite 2023,-
peut on louer un appartement acheté avec tva réduite,-
immobilier tva 5 5,-
comment enlever la tva 5.5 d'un montant ttc,-
calcul tva 5.5,-
attestation simplifiée de tva réduite,-
vide sanitaire obligatoire rt 2012,-
spot rt 2012 etancheite à l'air,-
rt 2012 rénovation,-
rt 2012 re 2020,-
rt 2012 obligatoire,-
rt 2012 maison individuelle,-
rt 2012 jusqu'à quand,-
rt 2012 isolation,-
rt 2012 définition,-
rt 2012 chauffage,-
rt 2012,-
résistance thermique rt 2012,-
maison rt 2012,-
hauteur plafond standard rt 2012,-
etude thermique rt 2012,-
epaisseur isolation comble rt 2012,-
épaisseur isolant toiture terrasse rt 2012,-
epaisseur dalle plancher chauffant rt 2012,-
écran sous-toiture obligatoire rt 2012,-
dpe rt 2012,-
dallage sur terre plein rt 2012,-
climatisation interdite rt 2012,-
cep rt 2012,-
bbio rt 2012,-
aération fenêtre obligatoire rt 2012,-
tarif re 2020,-
tableau comparatif rt 2012 re 2020,-
sref re 2020,-
rt 2020 ou re 2020,-
re 2020 vmc,-
re 2020 tertiaire,-
re 2020 seuil 2025,-
re 2020 résumé,-
re 2020 rénovation,-
re 2020 pour les nuls,-
re 2020 pompe a chaleur,-
re 2020 permis de construire,-
re 2020 obligation,-
re 2020 moins de 50m2,-
re 2020 menuiseries extérieures,-
re 2020 maison passive,-
re 2020 maison individuelle permis de construire,-
re 2020 maison individuelle application,-
re 2020 maison individuelle,-
re 2020 isolation toiture,-
re 2020 isolation,-
re 2020 extension maison individuelle,-
re 2020 extension,-
re 2020 et rénovation énergétique,-
re 2020 épaisseur isolation,-
re 2020 entrée en vigueur,-
re 2020 date application,-
re 2020 chauffage gaz,-
re 2020 chauffage,-
re 2020 changement de destination,-
re 2020 application,-
re 2020,-
prix construction re 2020,-
prix construction maison re 2020,-
poele a bois re 2020,-
maison re 2020,-
logo re 2020,-
label re 2020,-
isolation re 2020,-
ic construction re 2020,-
habitat re 2020,-
fenetre re 2020,-
dpe maison neuve re 2020,-
dh re 2020,-
date application re 2020,-
contrôle vmc re 2020,-
calcul re 2020 maison individuelle,-
bbio re 2020,-
attestation re 2020,-
acv re 2020,-
1/6 surface vitrée re 2020,-
zones ptz,-
ville pret a taux zero,-
transformer ptz en prêt classique,-
transfert ptz,-
simulation lissage ptz et prêt immo,-
simulation eco pret a taux zero,-
simulateur pret a taux zero,https://verrecchia.com/pret-a-taux-zero/
remboursement ptz,-
ptz zone b1 2024,-
ptz travaux ancien,-
ptz sans apport,-
ptz psla 2024,-
ptz pour investissement locatif,-
ptz paris,-
ptz mobilité,-
ptz maison neuve,-
ptz logement neuf,-
ptz et changement de situation familiale,-
ptz construction 2024,-
ptz conditions 2023,-
ptz comment ça marche,-
ptz clamart,-
ptz age limite,-
ptz 2024 travaux,-
pret immobilier a taux zero,-
pret etudiant a taux zero,-
pret a taux zero voiture,-
pret a taux zero travaux,-
pret a taux zero pro btp,-
pret a taux zero fonctionnaire,-
pret a taux zero entreprise,-
pret a taux zero elargi,-
pret a taux zero credit mutuel,-
pret a taux zero 2024 ville,-
pret a taux zero 2024,-
pret a taux zero,-
plafond revenu ptz,-
plafond du ptz,-
location ptz,-
fin ptz,-
fin du pret a taux zero,-
éco-ptz conditions,-
éco-ptz 2023 panneaux photovoltaïques,-
eco ptz sci,-
eco ptz residence secondaire,-
eco ptz copropriété,-
éco ptz assurance obligatoire,-
eco ptz assainissement,-
eco pret a taux zero condition,-
eco pret a taux zero,-
duree ptz,-
cumul ptz et éco-ptz,-
condition pret a taux zero 2023,-
comment remplir formulaire type devis éco-ptz,-
comment obtenir un ptz,-
cerfa eco ptz,-
carte zone ptz,-
capacité d'emprunt avec ptz,-
calcul du pret a taux zero,-
banque ptz,-
avantage ptz,-
astuce pour louer avec un ptz,-
assurance ptz,-
aide cumulable avec ptz,-
programme immobilier neuf velizy villacoublay,-
programme neuf saint cloud,https://verrecchia.com/programme-neuf/ile-de-france/seineart/
programme neuf rosny sous bois,https://verrecchia.com/programme-neuf/ile-de-france/le-metropolitan/
programme neuf montigny les cormeilles,-
programme neuf montigny,-
programme neuf massy,https://verrecchia.com/programme-neuf/ile-de-france/les-terrasses/
programme neuf le perreux sur marne,https://verrecchia.com/programme-neuf/ile-de-france/arca-verde-le-perreux-sur-marne/
programme neuf champigny sur marne,-
programme neuf boulevard stalingrad champigny sur marne,-
programme neuf bessancourt,-
programme neuf aulnay sous bois,-
programme immobilier neuf aulnay sous bois,-
programme neuf aubervilliers canal,-
programme neuf aubervilliers,-
programme neuf aubervillier,-
aubervilliers programme neuf,-
programme immobilier neuf livraison 2024,-
zone pinel bordeaux,-
zone pinel,-
zone b2 pinel,-
zone a pinel prix au m2,-
tuto declaration impot pinel,-
suppression loi pinel,-
super pinel,-
sortir du dispositif pinel,https://verrecchia.com/investir/investissement-immobilier-neuf-defiscalisation/
simulateur pinel,https://verrecchia.com/pinel/
simulateur loyer pinel,-
scpi pinel,-
rue pinel,-
report de 1/9 de la réduction d'impôt pinel,-
reduction impot pinel,-
quand commence la réduction impôts pinel,-
qu'est-ce que la loi pinel,-
prorogation pinel,-
prolongation pinel,-
programme pinel,-
prix de revient pinel,-
plafond revenu pinel,-
plafond ressources loi pinel,-
plafond pinel zone b1,-
plafond pinel,-
plafond loi pinel locataire,-
plafond de loyer pinel,-
pinel zone b1,-
pinel zone a,-
pinel villemomble,-
pinel saint cloud,-
pinel réhabilité,-
pinel reduction impot,-
pinel puteaux,-
pinel plus,-
pinel paris,-
pinel outre mer,-
pinel optimisé au déficit foncier,-
pinel noisy le sec,-
pinel meublé,-
pinel massy,-
pinel logement social,-
pinel logement,-
pinel et sci,-
pinel et micro foncier,-
pinel clamart,-
pinel calcul loyer,-
pinel bretagne,-
pinel bouscat,-
pinel bondy,-
pinel bessancourt,-
pinel aubervilliers,-
pinel ancien,-
pinel 6 ans ou 9 ans,-
pinel 2024,-
nouveau zonage pinel,-
loi pinel revente au bout de 9 ans,-
loi pinel location,-
loi pinel locataire plafond,-
loi pinel locataire garant,-
loi pinel locataire,-
loi pinel forum,-
loi pinel explication,-
loi pinel exemple,-
loi pinel définition,-
loi pinel date,-
loi pinel changement de situation du locataire,-
loi pinel c'est quoi,-
loi pinel bail commercial,-
loi pinel,-
locataire loi pinel,-
lmnp ou pinel,-
intérêts d'emprunt déductibles loi pinel,-
immobilier neuf pinel les villes à éviter,-
frais de notaire pinel,-
fin du pinel,-
fin dispositif pinel,-
fin de la loi pinel,-
exoneration taxe fonciere pinel,-
durée pinel,-
devenir propriétaire sans apport avec la loi pinel,-
déclaration pinel avant livraison,-
déclaration pinel 2044 eb,-
declaration pinel,-
déclaration impôt pinel 1ère année,-
conditions pinel,-
comment prolonger pinel de 6 à 9 ans,-
comment déclarer pinel la deuxième année,-
comment declarer pinel la deuxieme annee,-
calcul surface pinel,-
calcul reduction impot pinel,-
calcul loyer pinel,-
calcul loyer loi pinel,-
calcul du loyer en pinel,-
bail loi pinel,-
b1 pinel,-
avantage fiscal pinel,-
augmentation loyer pinel,-
aldi place pinel,-
acheter loi pinel,-
achat pinel,-
2044 eb pinel,-
2042 rici pinel,-
référentiel nf habitat hqe pdf,-
nf habitat hqe rt 2012,-
nf habitat hqe référentiel,-
nf habitat hqe cerqual,-
nf habitat hqe 2019,-
nf habitat hqe,-
maitre d'œuvre référent nf habitat hqe,-
hqe doivent de respecter le référentiel nf habitat,-
franco suisse nf habitat hqe,-
formation maitre d'œuvre référent nf habitat hqe,-
exigences acoustique nf habitat hqe,-
espace de tri hqe nf habitat,-
différence nf logement hqe et nh habitat,-
coût nf habitat hqe,-
constructeur nf habitat hqe valenciennes,-
constructeur nf habitat hqe nord,-
constructeur nf habitat hqe hauts de france,-
charte chantier faibles nuisances nf habitat hqe cogedim,-
charte chantier à faibles nuisances nf habitat hqe,-
certification nf habitat rénovation hqe,-
certification nf habitat hqe économie circulaire,-
certif nf habitat hqe résultat à atteindre,-
certif nf habitat hqe résulatat à atteindre,-
calcul surface local om nf habitat hqe,-
calcul nf habitat hqe cercal,-
architecte démarche nf hqe habitat,-
taux pret immobilier loire atlantique,-
promoteur immobilier loire atlantique,-
programme immobilier neuf loire atlantique,-
programme immobilier loire atlantique,-
prix immobilier loire-atlantique par commune,-
prix immobilier loire atlantique,-
marché immobilier loire-atlantique,-
immobilier prestige loire atlantique,-
immobilier loire atlantique,-
achat immobilier loire atlantique,-
programme immobilier neuf villemomble,-
immobilier neuf saint leu la foret,-
prix immobilier neuf rosny sous bois,-
prix immobilier neuf puteaux,-
immobilier neuf puteaux,https://verrecchia.com/programme-neuf/ile-de-france/villa-sorrento-puteaux/
guide de l'immobilier neuf et de l'investissement locatif à puteaux,-
programme immobilier neuf noisy le sec,-
prix immobilier neuf noisy le sec,-
massy immobilier neuf,-
prix immobilier neuf le perreux sur marne,-
promoteur immobilier neuf ile de france,-
programme immobilier neuf tva 5.5 ile de france,-
programme immobilier neuf nexity ile de france,-
programme immobilier neuf bouygues ile de france,-
prix immobilier neuf ile de france,-
immobiliers maison neuf ile de france,-
immobilier-neuf ile-de-france essonne,-
immobilier programme neuf loi pinel ile de france,-
immobilier neuf psla ile de france,-
immobilier neuf pinel ile de france,-
immobilier neuf paris ile de france,-
immobilier neuf maison ile de france,-
immobilier neuf immo neuf ile de france,-
immobilier neuf ile de france livraison premier trimestre 2020,-
immobilier neuf ile de france livraison immediate,-
immobilier neuf ile de france livraison 2020 romainville,-
immobilier neuf ile de france livraison 2020 marignan,-
immobilier neuf ile de france livraison 2020 93,-
immobilier neuf ile de france faut il acheter maintenant,-
immobilier neuf ile de france avis,-
immobilier neuf ile de france,-
immobilier neuf duplex ile de france,-
ile de france immobilier neuf,-
icade immobilier neuf ile de france,-
emploi vendeur immobilier neuf ile de france,-
eiffage immobilier ile de france neuf,-
destockage immobilier neuf ile-de-france,-
courtier immobilier neuf ile de france,-
bouygues immobilier neuf ile de france,-
baromètre des prix de l'immobilier neuf en ile de france,-
avant-première immobilier neuf ile-de-france,-
achat immobilier neuf ile de france qules pieges,-
immobilier neuf eze,-
prix immobilier neuf clamart,-
immobilier neuf clamart,https://verrecchia.com/programme-neuf/ile-de-france/panorama-beaurivage-clamart/
immobilier neuf chelles,-
immobilier neuf bouscat,-
programme immobilier neuf bord de mer,-
immobilier neuf bord de mer,-
programme immobilier neuf bondy,-
prix immobilier neuf bondy,-
prix immobilier neuf aulnay sous bois,-
construction durable,-